entidad,tramo_gestion,proveedor,tipo,casos_activos_con_telefono,telefonos_total,telefonos_contactados_ivr,telefonos_sin_contacto_ivr,sms_total,sms_cortos,sms_largos,importe_asignado,importe_base_deuda
ADT1,1) 0 a 30 dias,claro,FIJO,1,1,0,1,0,0,0,368406.63,368406.63
ADT1,1) 0 a 30 dias,claro,MOVIL,114,180,17,163,29,0,29,53136702.37,53136702.37
ADT1,1) 0 a 30 dias,movistar,MOVIL,94,160,26,134,39,0,39,42786828.73,42786828.73
ADT1,1) 0 a 30 dias,personal,MOVIL,81,120,19,101,123,0,123,39511852.49,39511852.49
ADT1,1) 0 a 30 dias,Sin proveedor,FIJO,5,5,0,5,1,0,1,2215439.03,2215439.03
ADT1,1) 0 a 30 dias,telecom,FIJO,27,37,3,34,29,0,29,14332195.88,14332195.88
ADT1,1) 0 a 30 dias,telefonica,FIJO,24,25,0,25,5,0,5,12678911.56,12678911.56
AUSO,1) 0 a 30 dias,claro,FIJO,17,17,0,17,0,0,0,60807.98,60807.98
AUSO,1) 0 a 30 dias,claro,MOVIL,1548,1794,0,1794,0,0,0,14756084.50,14756084.50
AUSO,1) 0 a 30 dias,movistar,MOVIL,2787,4223,0,4223,0,0,0,26855347.12,26855347.12
AUSO,1) 0 a 30 dias,personal,MOVIL,2193,2902,0,2902,0,0,0,22304126.34,22304126.34
AUSO,1) 0 a 30 dias,Sin proveedor,FIJO,166,190,0,190,0,0,0,3847774.20,3847774.20
AUSO,1) 0 a 30 dias,Sin proveedor,MOVIL,5,5,0,5,0,0,0,40678.35,40678.35
AUSO,1) 0 a 30 dias,telecentro,FIJO,178,181,0,181,0,0,0,972100.19,972100.19
AUSO,1) 0 a 30 dias,telecentro,MOVIL,1,1,0,1,0,0,0,1192.99,1192.99
AUSO,1) 0 a 30 dias,telecom,FIJO,1163,1608,0,1608,0,0,0,13748662.40,13748662.40
AUSO,1) 0 a 30 dias,telefonica,FIJO,1197,1752,0,1752,0,0,0,8130423.16,8130423.16
AUSO,2) 31 a 60 dias,claro,FIJO,8,8,3,5,10,4,6,30890.02,30890.02
AUSO,2) 31 a 60 dias,claro,MOVIL,1156,1322,592,730,611,274,337,10326716.38,10326716.38
AUSO,2) 31 a 60 dias,movistar,MOVIL,1958,2812,1140,1672,1171,470,701,17112936.99,17112936.99
AUSO,2) 31 a 60 dias,personal,MOVIL,1546,1991,805,1186,3454,120,3334,14760377.99,14760377.99
AUSO,2) 31 a 60 dias,Sin proveedor,FIJO,106,109,10,99,107,26,81,2438479.25,2438479.25
AUSO,2) 31 a 60 dias,Sin proveedor,MOVIL,3,3,0,3,0,0,0,17425.75,17425.75
AUSO,2) 31 a 60 dias,telecentro,FIJO,132,133,26,107,80,13,67,869714.86,869714.86
AUSO,2) 31 a 60 dias,telecentro,MOVIL,1,1,0,1,0,0,0,4893.74,4893.74
AUSO,2) 31 a 60 dias,telecom,FIJO,853,1136,83,1053,986,176,810,9235639.07,9235639.07
AUSO,2) 31 a 60 dias,telefonica,FIJO,831,983,94,889,699,109,590,5146018.04,5146018.04
AUSO,3) 61 a 90 dias,claro,FIJO,7,7,2,5,6,0,6,13359.10,13359.10
AUSO,3) 61 a 90 dias,claro,MOVIL,1012,1159,459,700,700,331,369,8462560.99,8462560.99
AUSO,3) 61 a 90 dias,movistar,MOVIL,1818,2889,1054,1835,1435,667,768,14658306.06,14658306.06
AUSO,3) 61 a 90 dias,personal,MOVIL,1489,1966,794,1172,3656,347,3309,13563949.46,13563949.46
AUSO,3) 61 a 90 dias,Sin proveedor,FIJO,118,133,8,125,196,49,147,1567887.89,1567887.89
AUSO,3) 61 a 90 dias,Sin proveedor,MOVIL,10,10,0,10,8,0,8,79022.66,79022.66
AUSO,3) 61 a 90 dias,telecentro,FIJO,116,116,16,100,93,17,76,899436.90,899436.90
AUSO,3) 61 a 90 dias,telecom,FIJO,801,1152,87,1065,1173,343,830,7692065.35,7692065.35
AUSO,3) 61 a 90 dias,telefonica,FIJO,742,1339,81,1258,673,141,532,5183028.07,5183028.07
AUSO,4) 91 a 180 dias,claro,FIJO,34,34,6,28,16,0,16,231791.47,231791.47
AUSO,4) 91 a 180 dias,claro,MOVIL,2800,3270,1340,1930,2816,1238,1578,26917017.73,26917017.73
AUSO,4) 91 a 180 dias,movistar,MOVIL,4911,7414,2416,4998,4921,2052,2869,43061074.13,43061074.13
AUSO,4) 91 a 180 dias,personal,MOVIL,3899,5093,2027,3066,10176,1020,9156,42972404.32,42972404.32
AUSO,4) 91 a 180 dias,Sin proveedor,FIJO,289,321,36,285,391,89,302,6112081.94,6112081.94
AUSO,4) 91 a 180 dias,Sin proveedor,MOVIL,10,10,0,10,4,0,4,24526.51,24526.51
AUSO,4) 91 a 180 dias,telecentro,FIJO,320,322,47,275,308,57,251,1684423.93,1684423.93
AUSO,4) 91 a 180 dias,telecentro,MOVIL,2,2,0,2,2,0,2,2237.11,2237.11
AUSO,4) 91 a 180 dias,telecom,FIJO,2051,2880,223,2657,3399,893,2506,32783313.54,32783313.54
AUSO,4) 91 a 180 dias,telefonica,FIJO,2059,3308,240,3068,2283,493,1790,13696180.50,13696180.50
AUSO,5) 181 a 360 dias,claro,FIJO,63,64,14,50,46,6,40,464427.19,464427.19
AUSO,5) 181 a 360 dias,claro,MOVIL,4723,5466,1933,3533,3422,1310,2112,48200306.36,48200306.36
AUSO,5) 181 a 360 dias,movistar,MOVIL,8394,12480,4571,7909,8574,2682,5892,78900215.19,78900215.19
AUSO,5) 181 a 360 dias,personal,MOVIL,6522,8583,3617,4966,17961,2525,15436,73378886.71,73378886.71
AUSO,5) 181 a 360 dias,Sin proveedor,FIJO,580,649,78,571,797,209,588,7198538.21,7198538.21
AUSO,5) 181 a 360 dias,Sin proveedor,MOVIL,11,11,0,11,5,1,4,114468.40,114468.40
AUSO,5) 181 a 360 dias,telecentro,FIJO,552,559,93,466,419,56,363,3768291.13,3768291.13
AUSO,5) 181 a 360 dias,telecentro,MOVIL,2,2,0,2,17,7,10,11709.94,11709.94
AUSO,5) 181 a 360 dias,telecom,FIJO,3718,5104,473,4631,5676,1323,4353,40630521.59,40630521.59
AUSO,5) 181 a 360 dias,telefonica,FIJO,3691,5207,476,4731,3977,735,3242,25017242.83,25017242.83
AUSO,6) Mayor a 360 dias,claro,FIJO,262,263,73,190,194,71,123,954804.36,954804.36
AUSO,6) Mayor a 360 dias,claro,MOVIL,13338,15900,6288,9612,14511,8788,5723,71683748.81,71683748.81
AUSO,6) Mayor a 360 dias,movistar,MOVIL,24727,35188,12982,22206,27543,14384,13159,112629540.88,112629540.88
AUSO,6) Mayor a 360 dias,personal,MOVIL,19038,25550,9774,15776,56066,12848,43218,94484425.16,94484425.16
AUSO,6) Mayor a 360 dias,Sin proveedor,FIJO,1929,2136,169,1967,3101,1145,1956,9830415.46,9830415.46
AUSO,6) Mayor a 360 dias,Sin proveedor,MOVIL,51,51,0,51,83,20,63,186935.78,186935.78
AUSO,6) Mayor a 360 dias,telecentro,FIJO,2203,2218,435,1783,1646,477,1169,7316768.05,7316768.05
AUSO,6) Mayor a 360 dias,telecentro,MOVIL,8,8,0,8,5,1,4,67175.36,67175.36
AUSO,6) Mayor a 360 dias,telecom,FIJO,12558,17420,2058,15362,20025,7265,12760,61945278.73,61945278.73
AUSO,6) Mayor a 360 dias,telefonica,FIJO,12265,17856,2045,15811,12745,3796,8949,44675436.28,44675436.28
AYS3,2) 31 a 60 dias,claro,FIJO,6,6,1,5,19,9,10,20869634.11,2591844.73
AYS3,2) 31 a 60 dias,claro,MOVIL,645,736,295,441,2421,1586,835,1452829181.35,255027486.69
AYS3,2) 31 a 60 dias,movistar,MOVIL,1315,1743,716,1027,5265,3213,2052,3180972042.65,536474742.90
AYS3,2) 31 a 60 dias,personal,MOVIL,811,990,344,646,9277,1991,7286,1875479044.35,332392907.48
AYS3,2) 31 a 60 dias,Sin proveedor,FIJO,123,137,6,131,506,224,282,313783619.14,44231763.65
AYS3,2) 31 a 60 dias,Sin proveedor,MOVIL,6,6,0,6,23,14,9,9911705.67,3547061.45
AYS3,2) 31 a 60 dias,telecentro,FIJO,174,177,16,161,512,218,294,384313931.86,75320681.87
AYS3,2) 31 a 60 dias,telecom,FIJO,1075,1412,96,1316,2157,936,1221,2438725790.40,344273818.72
AYS3,2) 31 a 60 dias,telefonica,FIJO,2613,3672,268,3404,6400,2589,3811,7354215050.41,1116823150.23
AYSA,1) 0 a 30 dias,claro,FIJO,37,37,15,22,21,13,8,16726503.50,8633796.97
AYSA,1) 0 a 30 dias,claro,MOVIL,1848,2162,822,1340,1331,1063,268,1256500566.94,598593174.09
AYSA,1) 0 a 30 dias,movistar,MOVIL,4077,6534,2077,4457,2817,2177,640,2504224321.59,1246914664.57
AYSA,1) 0 a 30 dias,personal,MOVIL,2525,3383,1230,2153,3864,1550,2314,1474233435.20,739555629.98
AYSA,1) 0 a 30 dias,Sin proveedor,FIJO,286,364,37,327,236,144,92,269639125.73,163251639.32
AYSA,1) 0 a 30 dias,Sin proveedor,MOVIL,17,18,0,18,16,8,8,9047832.52,4197366.07
AYSA,1) 0 a 30 dias,telecentro,FIJO,424,434,52,382,126,94,32,198967936.36,92964113.08
AYSA,1) 0 a 30 dias,telecentro,MOVIL,3,3,0,3,2,2,0,2168150.18,579006.50
AYSA,1) 0 a 30 dias,telecom,FIJO,2681,4126,341,3785,1541,864,677,1378984884.64,729293958.56
AYSA,1) 0 a 30 dias,telefonica,FIJO,6261,11241,838,10403,2451,1566,885,3346552980.08,1571475598.06
AYSA,3) 61 a 90 dias,claro,FIJO,34,34,9,25,152,49,103,39988755.76,22427359.67
AYSA,3) 61 a 90 dias,claro,MOVIL,1680,1908,921,987,8339,5247,3092,880718134.17,483388723.70
AYSA,3) 61 a 90 dias,movistar,MOVIL,3354,4476,2090,2386,16562,9896,6666,1827061407.43,1013077371.17
AYSA,3) 61 a 90 dias,personal,MOVIL,2104,2608,1160,1448,28423,6023,22400,1150195718.68,637005504.75
AYSA,3) 61 a 90 dias,Sin proveedor,FIJO,193,208,23,185,1812,681,1131,122509729.75,67807461.07
AYSA,3) 61 a 90 dias,Sin proveedor,MOVIL,17,17,0,17,154,37,117,6340918.60,3081183.54
AYSA,3) 61 a 90 dias,telecentro,FIJO,388,394,75,319,1392,609,783,170750178.02,101273294.65
AYSA,3) 61 a 90 dias,telecentro,MOVIL,1,1,0,1,5,5,0,70279.18,54633.27
AYSA,3) 61 a 90 dias,telecom,FIJO,2565,3391,353,3038,9808,3863,5945,1289576533.01,732801484.26
AYSA,3) 61 a 90 dias,telefonica,FIJO,5626,7701,755,6946,18253,7248,11005,2804150260.00,1370675190.95
AYSC,4) 91 a 180 dias,claro,FIJO,1,1,1,0,0,0,0,2784366.79,2784366.79
AYSC,4) 91 a 180 dias,claro,MOVIL,160,182,102,80,2338,2337,1,80011636.64,80011636.64
AYSC,4) 91 a 180 dias,movistar,MOVIL,376,482,284,198,5684,5683,1,176995484.92,176995484.92
AYSC,4) 91 a 180 dias,personal,MOVIL,249,341,171,170,4108,4108,0,143531909.76,143531909.76
AYSC,4) 91 a 180 dias,Sin proveedor,FIJO,19,22,1,21,347,347,0,9226052.41,9226052.41
AYSC,4) 91 a 180 dias,Sin proveedor,MOVIL,1,1,0,1,34,34,0,102152.41,102152.41
AYSC,4) 91 a 180 dias,telecentro,FIJO,40,40,8,32,335,335,0,22436235.90,22436235.90
AYSC,4) 91 a 180 dias,telecom,FIJO,241,382,46,336,1868,1868,0,142539756.94,142539756.94
AYSC,4) 91 a 180 dias,telefonica,FIJO,416,639,88,551,3956,3956,0,188316380.21,188316380.21
AYSE,1) 0 a 30 dias,claro,FIJO,26,26,6,20,12,3,9,1907673.95,1596257.96
AYSE,1) 0 a 30 dias,claro,MOVIL,1267,1448,352,1096,1099,678,421,169573690.41,142694282.05
AYSE,1) 0 a 30 dias,movistar,MOVIL,2849,4027,1309,2718,2713,1803,910,360751696.80,303894426.82
AYSE,1) 0 a 30 dias,personal,MOVIL,1804,2256,661,1595,4341,1142,3199,245560026.78,205996524.86
AYSE,1) 0 a 30 dias,Sin proveedor,FIJO,152,171,15,156,240,89,151,27045486.31,22748364.20
AYSE,1) 0 a 30 dias,Sin proveedor,MOVIL,12,12,0,12,16,6,10,642069.82,580790.80
AYSE,1) 0 a 30 dias,telecentro,FIJO,257,261,32,229,211,97,114,18839905.11,16121023.70
AYSE,1) 0 a 30 dias,telecentro,MOVIL,1,1,0,1,0,0,0,29827.61,26334.93
AYSE,1) 0 a 30 dias,telecom,FIJO,1881,2656,191,2465,1630,718,912,276450340.28,236487270.60
AYSE,1) 0 a 30 dias,telefonica,FIJO,3663,5563,376,5187,2407,1058,1349,355700637.50,296191052.55
AYSE,2) 31 a 60 dias,claro,FIJO,14,14,8,6,21,14,7,1267093.25,1095622.41
AYSE,2) 31 a 60 dias,claro,MOVIL,547,658,336,322,2145,1383,762,82743657.81,66165713.67
AYSE,2) 31 a 60 dias,movistar,MOVIL,1141,1550,828,722,4598,3094,1504,158307171.93,130512438.21
AYSE,2) 31 a 60 dias,personal,MOVIL,709,915,438,477,6648,1949,4699,169079256.45,114570477.84
AYSE,2) 31 a 60 dias,Sin proveedor,FIJO,75,86,13,73,686,231,455,33463464.94,25205840.53
AYSE,2) 31 a 60 dias,Sin proveedor,MOVIL,6,6,0,6,56,21,35,636737.45,524253.32
AYSE,2) 31 a 60 dias,telecentro,FIJO,110,113,22,91,288,166,122,7272429.58,6243889.01
AYSE,2) 31 a 60 dias,telecom,FIJO,692,990,109,881,2406,1214,1192,96701299.10,79691547.21
AYSE,2) 31 a 60 dias,telefonica,FIJO,1546,2252,272,1980,4313,2092,2221,217940553.43,176771036.68
AYSJ,4) 91 a 180 dias,claro,FIJO,1,1,0,1,0,0,0,0.00,0.00
AYSJ,4) 91 a 180 dias,claro,MOVIL,14,14,0,14,0,0,0,0.00,0.00
AYSJ,4) 91 a 180 dias,movistar,MOVIL,24,25,0,25,0,0,0,0.00,0.00
AYSJ,4) 91 a 180 dias,personal,MOVIL,21,22,0,22,0,0,0,0.00,0.00
AYSJ,4) 91 a 180 dias,Sin proveedor,FIJO,4,4,0,4,0,0,0,0.00,0.00
AYSJ,4) 91 a 180 dias,telecentro,FIJO,6,6,0,6,0,0,0,0.00,0.00
AYSJ,4) 91 a 180 dias,telecom,FIJO,27,31,0,31,0,0,0,0.00,0.00
AYSJ,4) 91 a 180 dias,telefonica,FIJO,36,37,0,37,0,0,0,0.00,0.00
AYSJ,6) Mayor a 360 dias,claro,FIJO,4,4,3,1,0,0,0,0.00,0.00
AYSJ,6) Mayor a 360 dias,claro,MOVIL,169,183,106,77,0,0,0,0.00,0.00
AYSJ,6) Mayor a 360 dias,movistar,MOVIL,282,296,168,128,0,0,0,0.00,0.00
AYSJ,6) Mayor a 360 dias,personal,MOVIL,281,291,131,160,0,0,0,0.00,0.00
AYSJ,6) Mayor a 360 dias,Sin proveedor,FIJO,31,32,6,26,0,0,0,0.00,0.00
AYSJ,6) Mayor a 360 dias,telecentro,FIJO,49,50,13,37,0,0,0,0.00,0.00
AYSJ,6) Mayor a 360 dias,telecom,FIJO,479,567,98,469,0,0,0,0.00,0.00
AYSJ,6) Mayor a 360 dias,telefonica,FIJO,762,880,118,762,0,0,0,0.00,0.00
CVBA,4) 91 a 180 dias,claro,FIJO,2,2,0,2,0,0,0,921823.98,921823.98
CVBA,4) 91 a 180 dias,claro,MOVIL,113,133,0,133,32,32,0,171206891.71,171206891.71
CVBA,4) 91 a 180 dias,movistar,MOVIL,148,242,0,242,46,46,0,206415233.49,206415233.49
CVBA,4) 91 a 180 dias,personal,MOVIL,169,240,0,240,46,46,0,205491897.87,205491897.87
CVBA,4) 91 a 180 dias,Sin proveedor,FIJO,18,43,0,43,5,5,0,42838444.00,42838444.00
CVBA,4) 91 a 180 dias,Sin proveedor,MOVIL,1,1,0,1,0,0,0,697036.96,697036.96
CVBA,4) 91 a 180 dias,telecentro,FIJO,5,5,0,5,3,3,0,7789036.26,7789036.26
CVBA,4) 91 a 180 dias,telecom,FIJO,109,211,0,211,35,35,0,125844439.69,125844439.69
CVBA,4) 91 a 180 dias,telefonica,FIJO,72,171,0,171,18,18,0,149477233.96,149477233.96
CVIA,4) 91 a 180 dias,claro,FIJO,204,204,36,168,52,28,24,1332859.76,1332859.76
CVIA,4) 91 a 180 dias,claro,MOVIL,24248,28147,9569,18578,8537,6203,2334,178463327.57,178463327.57
CVIA,4) 91 a 180 dias,movistar,MOVIL,73168,172759,27040,145719,40144,10425,29719,289149376.20,289149376.20
CVIA,4) 91 a 180 dias,personal,MOVIL,53601,78016,16653,61363,52631,7634,44997,224202368.38,224202368.38
CVIA,4) 91 a 180 dias,Sin proveedor,FIJO,2306,2478,208,2270,923,404,519,14816154.77,14816154.77
CVIA,4) 91 a 180 dias,Sin proveedor,MOVIL,119,121,2,119,30,15,15,355390.94,355390.94
CVIA,4) 91 a 180 dias,telecentro,FIJO,2391,2409,297,2112,1379,813,566,28612263.59,28612263.59
CVIA,4) 91 a 180 dias,telecentro,MOVIL,10,10,0,10,4,0,4,80665.25,80665.25
CVIA,4) 91 a 180 dias,telecom,FIJO,20024,25958,1691,24267,7287,2802,4485,71956254.46,71956254.46
CVIA,4) 91 a 180 dias,telefonica,FIJO,37600,42315,2408,39907,33430,4726,28704,146595260.03,146595260.03
DRPW,1) 0 a 30 dias,claro,FIJO,12,13,2,11,14,10,4,1626015.71,1626015.71
DRPW,1) 0 a 30 dias,claro,MOVIL,1720,2384,419,1965,1711,1176,535,243574854.86,243574854.86
DRPW,1) 0 a 30 dias,movistar,MOVIL,1212,1862,333,1529,1193,911,282,183670171.62,183670171.62
DRPW,1) 0 a 30 dias,personal,MOVIL,2041,3194,647,2547,5927,2766,3161,280552194.08,280552194.08
DRPW,1) 0 a 30 dias,Sin proveedor,FIJO,110,119,9,110,117,68,49,20161240.43,20161240.43
DRPW,1) 0 a 30 dias,Sin proveedor,MOVIL,4,4,0,4,0,0,0,622525.22,622525.22
DRPW,1) 0 a 30 dias,telecentro,FIJO,13,13,2,11,20,13,7,2042597.08,2042597.08
DRPW,1) 0 a 30 dias,telecom,FIJO,301,344,17,327,553,320,233,56287632.44,56287632.44
DRPW,1) 0 a 30 dias,telefonica,FIJO,361,420,37,383,310,235,75,69172859.02,69172859.02
DRTV,1) 0 a 30 dias,claro,FIJO,10,10,0,10,0,0,0,1414587.03,1414587.03
DRTV,1) 0 a 30 dias,claro,MOVIL,1467,2011,0,2011,17,0,17,180165628.45,180165628.45
DRTV,1) 0 a 30 dias,movistar,MOVIL,778,1024,0,1024,5,0,5,102875234.15,102875234.15
DRTV,1) 0 a 30 dias,personal,MOVIL,1729,2459,153,2306,127,0,127,202053253.94,202053253.94
DRTV,1) 0 a 30 dias,Sin proveedor,FIJO,72,80,0,80,1,0,1,9414770.28,9414770.28
DRTV,1) 0 a 30 dias,telecentro,FIJO,13,13,0,13,0,0,0,1720387.04,1720387.04
DRTV,1) 0 a 30 dias,telecom,FIJO,150,157,6,151,3,0,3,22772175.64,22772175.64
DRTV,1) 0 a 30 dias,telefonica,FIJO,191,205,0,205,1,0,1,32607662.34,32607662.34
DRTV,2) 31 a 60 dias,claro,FIJO,13,13,0,13,39,27,12,1713520.97,1713520.97
DRTV,2) 31 a 60 dias,claro,MOVIL,1411,1955,1093,862,5662,4427,1235,177658258.13,177658258.13
DRTV,2) 31 a 60 dias,movistar,MOVIL,987,1480,647,833,3940,3307,633,127142335.58,127142335.58
DRTV,2) 31 a 60 dias,personal,MOVIL,1664,2595,991,1604,12885,4937,7948,200651378.24,200651378.24
DRTV,2) 31 a 60 dias,Sin proveedor,FIJO,71,73,10,63,245,158,87,9790765.45,9790765.45
DRTV,2) 31 a 60 dias,Sin proveedor,MOVIL,2,2,0,2,10,4,6,311555.22,311555.22
DRTV,2) 31 a 60 dias,telecentro,FIJO,17,17,5,12,33,30,3,2828127.33,2828127.33
DRTV,2) 31 a 60 dias,telecom,FIJO,237,270,24,246,1072,623,449,33993312.80,33993312.80
DRTV,2) 31 a 60 dias,telefonica,FIJO,278,316,26,290,761,646,115,40339978.40,40339978.40
DRTV,3) 61 a 90 dias,claro,FIJO,9,9,1,8,53,27,26,893163.67,893163.67
DRTV,3) 61 a 90 dias,claro,MOVIL,1297,1805,640,1165,6197,4619,1578,133198975.67,133198975.67
DRTV,3) 61 a 90 dias,movistar,MOVIL,963,1412,452,960,4722,3686,1036,102583055.17,102583055.17
DRTV,3) 61 a 90 dias,personal,MOVIL,1636,2612,717,1895,15483,5601,9882,157120206.75,157120206.75
DRTV,3) 61 a 90 dias,Sin proveedor,FIJO,50,54,12,42,170,128,42,6307578.97,6307578.97
DRTV,3) 61 a 90 dias,Sin proveedor,MOVIL,1,1,0,1,8,2,6,72158.86,72158.86
DRTV,3) 61 a 90 dias,telecentro,FIJO,5,5,2,3,6,6,0,466992.61,466992.61
DRTV,3) 61 a 90 dias,telecom,FIJO,170,194,20,174,908,533,375,19203659.86,19203659.86
DRTV,3) 61 a 90 dias,telefonica,FIJO,192,227,24,203,791,596,195,22895786.94,22895786.94
DRTV,4) 91 a 180 dias,claro,FIJO,6,6,2,4,10,10,0,550825.40,550825.40
DRTV,4) 91 a 180 dias,claro,MOVIL,1407,1922,621,1301,4914,3530,1384,156123350.79,156123350.79
DRTV,4) 91 a 180 dias,movistar,MOVIL,944,1426,325,1101,3312,2388,924,105503249.49,105503249.49
DRTV,4) 91 a 180 dias,personal,MOVIL,1858,2834,731,2103,14018,4356,9662,194150150.17,194150150.17
DRTV,4) 91 a 180 dias,Sin proveedor,FIJO,69,72,10,62,268,154,114,9503931.84,9503931.84
DRTV,4) 91 a 180 dias,Sin proveedor,MOVIL,1,1,1,0,7,1,6,136902.94,136902.94
DRTV,4) 91 a 180 dias,telecentro,FIJO,8,8,1,7,11,9,2,931974.72,931974.72
DRTV,4) 91 a 180 dias,telecom,FIJO,236,263,22,241,958,507,451,28804377.04,28804377.04
DRTV,4) 91 a 180 dias,telefonica,FIJO,227,263,24,239,625,469,156,25919118.67,25919118.67
DRTW,1) 0 a 30 dias,claro,FIJO,7,7,0,7,1,0,1,788128.88,788128.88
DRTW,1) 0 a 30 dias,claro,MOVIL,1000,1412,0,1412,96,0,96,135454329.00,135454329.00
DRTW,1) 0 a 30 dias,movistar,MOVIL,568,771,62,709,30,0,30,79722391.02,79722391.02
DRTW,1) 0 a 30 dias,personal,MOVIL,1081,1561,113,1448,749,0,749,143027037.58,143027037.58
DRTW,1) 0 a 30 dias,Sin proveedor,FIJO,53,57,4,53,6,0,6,8094021.97,8094021.97
DRTW,1) 0 a 30 dias,Sin proveedor,MOVIL,1,1,0,1,0,0,0,191043.82,191043.82
DRTW,1) 0 a 30 dias,telecentro,FIJO,6,6,1,5,0,0,0,951064.80,951064.80
DRTW,1) 0 a 30 dias,telecom,FIJO,107,112,9,103,36,0,36,17720930.62,17720930.62
DRTW,1) 0 a 30 dias,telefonica,FIJO,157,178,8,170,13,0,13,29543531.06,29543531.06
DRTW,2) 31 a 60 dias,claro,FIJO,4,4,1,3,90,16,74,1024029.32,1024029.32
DRTW,2) 31 a 60 dias,claro,MOVIL,763,1117,700,417,6622,4181,2441,115354626.98,115354626.98
DRTW,2) 31 a 60 dias,movistar,MOVIL,563,906,440,466,4898,3202,1696,84624260.80,84624260.80
DRTW,2) 31 a 60 dias,personal,MOVIL,809,1309,573,736,17663,4350,13313,112985430.36,112985430.36
DRTW,2) 31 a 60 dias,Sin proveedor,FIJO,61,64,15,49,488,249,239,11412559.04,11412559.04
DRTW,2) 31 a 60 dias,Sin proveedor,MOVIL,2,2,0,2,6,6,0,516271.86,516271.86
DRTW,2) 31 a 60 dias,telecentro,FIJO,10,10,0,10,36,36,0,1419718.01,1419718.01
DRTW,2) 31 a 60 dias,telecom,FIJO,166,201,20,181,2479,826,1653,29134358.19,29134358.19
DRTW,2) 31 a 60 dias,telefonica,FIJO,184,207,26,181,1507,784,723,31027733.79,31027733.79
DRTW,3) 61 a 90 dias,claro,FIJO,4,4,1,3,50,17,33,480150.73,480150.73
DRTW,3) 61 a 90 dias,claro,MOVIL,811,1138,351,787,7905,4904,3001,102541549.59,102541549.59
DRTW,3) 61 a 90 dias,movistar,MOVIL,559,876,255,621,5514,3537,1977,74146460.56,74146460.56
DRTW,3) 61 a 90 dias,personal,MOVIL,1010,1670,426,1244,22927,5942,16985,123763565.52,123763565.52
DRTW,3) 61 a 90 dias,Sin proveedor,FIJO,43,48,7,41,357,166,191,6826541.12,6826541.12
DRTW,3) 61 a 90 dias,telecentro,FIJO,6,6,1,5,24,8,16,704863.43,704863.43
DRTW,3) 61 a 90 dias,telecentro,MOVIL,1,1,0,1,7,7,0,60520.00,60520.00
DRTW,3) 61 a 90 dias,telecom,FIJO,129,148,14,134,2052,686,1366,18568099.29,18568099.29
DRTW,3) 61 a 90 dias,telefonica,FIJO,184,204,22,182,1356,853,503,29350024.73,29350024.73
DRTW,4) 91 a 180 dias,claro,FIJO,7,7,1,6,53,20,33,744804.07,744804.07
DRTW,4) 91 a 180 dias,claro,MOVIL,781,1151,341,810,5967,3579,2388,86438194.62,86438194.62
DRTW,4) 91 a 180 dias,movistar,MOVIL,579,889,199,690,3943,2552,1391,68552141.98,68552141.98
DRTW,4) 91 a 180 dias,personal,MOVIL,1057,1743,425,1318,18832,4267,14565,117283296.77,117283296.77
DRTW,4) 91 a 180 dias,Sin proveedor,FIJO,38,40,11,29,324,109,215,5361313.99,5361313.99
DRTW,4) 91 a 180 dias,Sin proveedor,MOVIL,2,2,0,2,41,6,35,230242.18,230242.18
DRTW,4) 91 a 180 dias,telecentro,FIJO,2,2,0,2,1,1,0,298124.02,298124.02
DRTW,4) 91 a 180 dias,telecom,FIJO,126,146,20,126,1548,492,1056,17431431.16,17431431.16
DRTW,4) 91 a 180 dias,telefonica,FIJO,131,153,14,139,884,479,405,17286904.75,17286904.75
EDE1,1) 0 a 30 dias,claro,FIJO,50,50,1,49,31,13,18,11791718.61,11791718.61
EDE1,1) 0 a 30 dias,claro,MOVIL,2878,3575,211,3364,2313,894,1419,1050031449.61,1050031449.61
EDE1,1) 0 a 30 dias,movistar,MOVIL,4484,6098,2287,3811,4961,2553,2408,1647418132.29,1647418132.29
EDE1,1) 0 a 30 dias,personal,MOVIL,2976,3751,1440,2311,7125,1445,5680,1040546396.71,1040546396.71
EDE1,1) 0 a 30 dias,Sin proveedor,FIJO,115,119,13,106,155,45,110,38680455.54,38680455.54
EDE1,1) 0 a 30 dias,Sin proveedor,MOVIL,3,3,0,3,1,1,0,708287.60,708287.60
EDE1,1) 0 a 30 dias,telecentro,FIJO,339,349,62,287,373,136,237,107131500.68,107131500.68
EDE1,1) 0 a 30 dias,telecentro,MOVIL,3,3,0,3,0,0,0,1747353.79,1747353.79
EDE1,1) 0 a 30 dias,telecom,FIJO,340,390,49,341,418,156,262,86040287.30,86040287.30
EDE1,1) 0 a 30 dias,telefonica,FIJO,3277,3752,375,3377,3974,1247,2727,1054125376.19,1054125376.19
EDE1,2) 31 a 60 dias,claro,FIJO,97,97,22,75,156,37,119,72422384.07,72422384.07
EDE1,2) 31 a 60 dias,claro,MOVIL,6056,7346,1650,5696,6757,2541,4216,4318213768.99,4318213768.99
EDE1,2) 31 a 60 dias,movistar,MOVIL,10021,14103,4986,9117,12764,4948,7816,7152212949.43,7152212949.43
EDE1,2) 31 a 60 dias,personal,MOVIL,6320,8089,2794,5295,21164,1734,19430,4310016323.51,4310016323.51
EDE1,2) 31 a 60 dias,Sin proveedor,FIJO,244,252,19,233,354,69,285,156159533.81,156159533.81
EDE1,2) 31 a 60 dias,Sin proveedor,MOVIL,18,18,0,18,20,7,13,12835782.33,12835782.33
EDE1,2) 31 a 60 dias,telecentro,FIJO,672,696,118,578,1059,234,825,450414400.27,450414400.27
EDE1,2) 31 a 60 dias,telecentro,MOVIL,11,11,0,11,11,4,7,10368967.01,10368967.01
EDE1,2) 31 a 60 dias,telecom,FIJO,719,825,104,721,1648,306,1342,327036776.03,327036776.03
EDE1,2) 31 a 60 dias,telefonica,FIJO,6235,7452,611,6841,10299,2098,8201,3654816941.54,3654816941.54
EDE2,1) 0 a 30 dias,claro,MOVIL,1,1,0,1,0,0,0,24202522.63,24202522.63
EDE2,1) 0 a 30 dias,movistar,MOVIL,7,10,0,10,0,0,0,100495618.11,100495618.11
EDE2,1) 0 a 30 dias,personal,MOVIL,5,6,0,6,0,0,0,21822386.78,21822386.78
EDE2,1) 0 a 30 dias,Sin proveedor,FIJO,1,1,0,1,0,0,0,202509.59,202509.59
EDE2,1) 0 a 30 dias,telecentro,FIJO,2,2,0,2,0,0,0,26314771.83,26314771.83
EDE2,1) 0 a 30 dias,telecom,FIJO,2,3,0,3,0,0,0,54559133.62,54559133.62
EDE2,1) 0 a 30 dias,telefonica,FIJO,3,4,0,4,0,0,0,13989948.76,13989948.76
EDE2,2) 31 a 60 dias,claro,FIJO,1,1,0,1,0,0,0,20867554.84,20867554.84
EDE2,2) 31 a 60 dias,claro,MOVIL,11,15,0,15,0,0,0,232418731.99,232418731.99
EDE2,2) 31 a 60 dias,movistar,MOVIL,23,30,0,30,0,0,0,581646475.81,581646475.81
EDE2,2) 31 a 60 dias,personal,MOVIL,19,24,0,24,0,0,0,512673986.73,512673986.73
EDE2,2) 31 a 60 dias,Sin proveedor,FIJO,4,5,0,5,0,0,0,123954062.23,123954062.23
EDE2,2) 31 a 60 dias,telecentro,FIJO,1,1,0,1,0,0,0,12354363.77,12354363.77
EDE2,2) 31 a 60 dias,telecom,FIJO,8,13,0,13,0,0,0,263306541.12,263306541.12
EDE2,2) 31 a 60 dias,telefonica,FIJO,26,42,0,42,0,0,0,578951405.45,578951405.45
MEL0,1) 0 a 30 dias,claro,FIJO,8,8,0,8,0,0,0,684539.35,684539.35
MEL0,1) 0 a 30 dias,claro,MOVIL,29660,35983,198,35785,63,0,63,2862379648.57,2862379648.57
MEL0,1) 0 a 30 dias,movistar,MOVIL,23480,29419,1176,28243,70,0,70,2253527344.71,2253527344.71
MEL0,1) 0 a 30 dias,personal,MOVIL,36354,44791,843,43948,988,0,988,3552675822.27,3552675822.27
MEL0,1) 0 a 30 dias,Sin proveedor,FIJO,90,90,0,90,2,0,2,7756484.65,7756484.65
MEL0,1) 0 a 30 dias,Sin proveedor,MOVIL,7,7,0,7,0,0,0,472266.11,472266.11
MEL0,1) 0 a 30 dias,telecentro,FIJO,2,2,0,2,0,0,0,129519.14,129519.14
MEL0,1) 0 a 30 dias,telecentro,MOVIL,1,1,0,1,0,0,0,71266.23,71266.23
MEL0,1) 0 a 30 dias,telecom,FIJO,194,203,3,200,5,0,5,16360401.17,16360401.17
MEL0,1) 0 a 30 dias,telefonica,FIJO,117,120,3,117,0,0,0,10253877.93,10253877.93
MEL0,2) 31 a 60 dias,claro,FIJO,4,4,1,3,8,2,6,184790.20,184790.20
MEL0,2) 31 a 60 dias,claro,MOVIL,6376,7789,732,7057,2383,1960,423,465531836.86,465531836.86
MEL0,2) 31 a 60 dias,movistar,MOVIL,4937,6239,1373,4866,1674,1296,378,362998884.08,362998884.08
MEL0,2) 31 a 60 dias,personal,MOVIL,7951,9881,1683,8198,10982,2613,8369,588406749.85,588406749.85
MEL0,2) 31 a 60 dias,Sin proveedor,FIJO,18,19,0,19,19,8,11,1118635.29,1118635.29
MEL0,2) 31 a 60 dias,Sin proveedor,MOVIL,3,3,0,3,15,4,11,132351.81,132351.81
MEL0,2) 31 a 60 dias,telecentro,FIJO,1,1,0,1,0,0,0,44732.97,44732.97
MEL0,2) 31 a 60 dias,telecom,FIJO,43,43,4,39,25,12,13,3165779.63,3165779.63
MEL0,2) 31 a 60 dias,telefonica,FIJO,31,31,3,28,6,6,0,2072682.77,2072682.77
OEST,1) 0 a 30 dias,claro,FIJO,31,31,0,31,0,0,0,179811.44,179811.44
OEST,1) 0 a 30 dias,claro,MOVIL,1276,1460,0,1460,0,0,0,11159674.95,11159674.95
OEST,1) 0 a 30 dias,movistar,MOVIL,2278,3330,0,3330,0,0,0,19814756.91,19814756.91
OEST,1) 0 a 30 dias,personal,MOVIL,1741,2284,0,2284,0,0,0,15900105.77,15900105.77
OEST,1) 0 a 30 dias,Sin proveedor,FIJO,132,138,0,138,0,0,0,1847873.74,1847873.74
OEST,1) 0 a 30 dias,Sin proveedor,MOVIL,4,4,0,4,0,0,0,21267.45,21267.45
OEST,1) 0 a 30 dias,telecentro,FIJO,150,151,0,151,0,0,0,950014.21,950014.21
OEST,1) 0 a 30 dias,telecom,FIJO,783,1044,0,1044,0,0,0,5186146.30,5186146.30
OEST,1) 0 a 30 dias,telefonica,FIJO,1130,1458,0,1458,0,0,0,11437475.42,11437475.42
OEST,2) 31 a 60 dias,claro,FIJO,7,7,1,6,3,0,3,53271.23,53271.23
OEST,2) 31 a 60 dias,claro,MOVIL,958,1120,428,692,340,198,142,9468981.19,9468981.19
OEST,2) 31 a 60 dias,movistar,MOVIL,1793,2741,1002,1739,693,377,316,16348130.49,16348130.49
OEST,2) 31 a 60 dias,personal,MOVIL,1304,1727,650,1077,1451,104,1347,12831985.94,12831985.94
OEST,2) 31 a 60 dias,Sin proveedor,FIJO,99,108,0,108,53,11,42,1018659.83,1018659.83
OEST,2) 31 a 60 dias,Sin proveedor,MOVIL,4,4,0,4,3,0,3,13282.82,13282.82
OEST,2) 31 a 60 dias,telecentro,FIJO,109,110,26,84,29,4,25,1199595.86,1199595.86
OEST,2) 31 a 60 dias,telecom,FIJO,568,775,53,722,362,81,281,4493198.84,4493198.84
OEST,2) 31 a 60 dias,telefonica,FIJO,878,1360,104,1256,440,111,329,8227855.30,8227855.30
OEST,3) 61 a 90 dias,claro,FIJO,6,6,0,6,5,1,4,40873.73,40873.73
OEST,3) 61 a 90 dias,claro,MOVIL,936,1091,496,595,545,306,239,9968228.09,9968228.09
OEST,3) 61 a 90 dias,movistar,MOVIL,1645,2364,913,1451,1084,527,557,16481056.39,16481056.39
OEST,3) 61 a 90 dias,personal,MOVIL,1275,1641,670,971,3013,298,2715,18674811.12,18674811.12
OEST,3) 61 a 90 dias,Sin proveedor,FIJO,90,101,3,98,83,23,60,5266600.40,5266600.40
OEST,3) 61 a 90 dias,Sin proveedor,MOVIL,1,1,0,1,0,0,0,1398.18,1398.18
OEST,3) 61 a 90 dias,telecentro,FIJO,126,127,22,105,95,33,62,1342836.68,1342836.68
OEST,3) 61 a 90 dias,telecom,FIJO,573,811,66,745,631,105,526,8679089.47,8679089.47
OEST,3) 61 a 90 dias,telefonica,FIJO,756,951,106,845,732,220,512,7204800.30,7204800.30
OEST,4) 91 a 180 dias,claro,FIJO,54,54,16,38,64,15,49,638791.75,638791.75
OEST,4) 91 a 180 dias,claro,MOVIL,2582,2996,1314,1682,3043,1321,1722,31241084.28,31241084.28
OEST,4) 91 a 180 dias,movistar,MOVIL,4858,7271,2200,5071,4919,2247,2672,47210693.34,47210693.34
OEST,4) 91 a 180 dias,personal,MOVIL,3491,4632,1820,2812,10417,748,9669,44133455.95,44133455.95
OEST,4) 91 a 180 dias,Sin proveedor,FIJO,276,313,7,306,371,74,297,3114005.56,3114005.56
OEST,4) 91 a 180 dias,Sin proveedor,MOVIL,8,8,0,8,8,0,8,32563.61,32563.61
OEST,4) 91 a 180 dias,telecentro,FIJO,376,379,54,325,319,47,272,3143186.80,3143186.80
OEST,4) 91 a 180 dias,telecentro,MOVIL,1,1,0,1,0,0,0,699.09,699.09
OEST,4) 91 a 180 dias,telecom,FIJO,1632,2317,177,2140,2684,527,2157,18073583.28,18073583.28
OEST,4) 91 a 180 dias,telefonica,FIJO,2336,3427,261,3166,3248,797,2451,29684010.65,29684010.65
OEST,5) 181 a 360 dias,claro,FIJO,68,69,11,58,103,18,85,622329.59,622329.59
OEST,5) 181 a 360 dias,claro,MOVIL,3834,4550,1368,3182,3311,981,2330,41955317.10,41955317.10
OEST,5) 181 a 360 dias,movistar,MOVIL,7172,10974,3700,7274,7742,1971,5771,63959701.38,63959701.38
OEST,5) 181 a 360 dias,personal,MOVIL,5415,7248,2918,4330,18431,1633,16798,56340363.65,56340363.65
OEST,5) 181 a 360 dias,Sin proveedor,FIJO,437,487,24,463,810,111,699,5376420.57,5376420.57
OEST,5) 181 a 360 dias,Sin proveedor,MOVIL,13,13,0,13,21,1,20,152852.13,152852.13
OEST,5) 181 a 360 dias,telecentro,FIJO,590,592,93,499,589,73,516,4548223.47,4548223.47
OEST,5) 181 a 360 dias,telecentro,MOVIL,1,1,0,1,9,2,7,9479.03,9479.03
OEST,5) 181 a 360 dias,telecom,FIJO,2663,3954,331,3623,4615,650,3965,21726742.14,21726742.14
OEST,5) 181 a 360 dias,telefonica,FIJO,3592,5805,475,5330,4951,846,4105,34281007.24,34281007.24
OEST,6) Mayor a 360 dias,claro,FIJO,307,308,80,228,192,66,126,1185656.55,1185656.55
OEST,6) Mayor a 360 dias,claro,MOVIL,10142,12064,4992,7072,12770,8350,4420,65047603.93,65047603.93
OEST,6) Mayor a 360 dias,movistar,MOVIL,19446,28342,10587,17755,26309,13912,12397,104539268.60,104539268.60
OEST,6) Mayor a 360 dias,personal,MOVIL,14243,19108,7903,11205,49175,11898,37277,79056474.28,79056474.28
OEST,6) Mayor a 360 dias,Sin proveedor,FIJO,1299,1489,136,1353,2165,668,1497,5902546.78,5902546.78
OEST,6) Mayor a 360 dias,Sin proveedor,MOVIL,32,32,0,32,66,25,41,235790.66,235790.66
OEST,6) Mayor a 360 dias,telecentro,FIJO,2021,2039,446,1593,1857,605,1252,7589275.57,7589275.57
OEST,6) Mayor a 360 dias,telecentro,MOVIL,7,7,0,7,8,7,1,23973.70,23973.70
OEST,6) Mayor a 360 dias,telecom,FIJO,7494,10438,1208,9230,13425,4348,9077,31053586.33,31053586.33
OEST,6) Mayor a 360 dias,telefonica,FIJO,10952,16200,1914,14286,15165,5490,9675,54334937.27,54334937.27
REVO,1) 0 a 30 dias,claro,FIJO,198,204,0,204,0,0,0,5309516.12,5309516.12
REVO,1) 0 a 30 dias,claro,MOVIL,40050,49892,0,49892,0,0,0,630481465.03,630481465.03
REVO,1) 0 a 30 dias,movistar,MOVIL,25611,31234,687,30547,0,0,0,386837531.90,386837531.90
REVO,1) 0 a 30 dias,personal,MOVIL,39153,49188,1776,47412,0,0,0,691092672.20,691092672.20
REVO,1) 0 a 30 dias,Sin proveedor,FIJO,3614,3754,0,3754,0,0,0,30841733.25,30841733.25
REVO,1) 0 a 30 dias,Sin proveedor,MOVIL,12,12,0,12,0,0,0,210937.57,210937.57
REVO,1) 0 a 30 dias,telecentro,FIJO,481,487,0,487,0,0,0,6167793.84,6167793.84
REVO,1) 0 a 30 dias,telecom,FIJO,10055,10603,0,10603,0,0,0,74031564.77,74031564.77
REVO,1) 0 a 30 dias,telefonica,FIJO,15612,16394,0,16394,0,0,0,94143971.41,94143971.41
REVO,2) 31 a 60 dias,claro,FIJO,136,140,2,138,21,21,0,3404879.66,3404879.66
REVO,2) 31 a 60 dias,claro,MOVIL,25355,33523,610,32913,2377,2377,0,525703087.49,525703087.49
REVO,2) 31 a 60 dias,movistar,MOVIL,23485,33787,2088,31699,2204,2204,0,401311620.43,401311620.43
REVO,2) 31 a 60 dias,personal,MOVIL,28254,41466,3361,38105,3348,3348,0,608689760.31,608689760.31
REVO,2) 31 a 60 dias,Sin proveedor,FIJO,2881,3103,33,3070,132,132,0,34587466.21,34587466.21
REVO,2) 31 a 60 dias,Sin proveedor,MOVIL,29,30,0,30,4,4,0,568486.55,568486.55
REVO,2) 31 a 60 dias,telecentro,FIJO,380,384,8,376,8,8,0,5123915.20,5123915.20
REVO,2) 31 a 60 dias,telecentro,MOVIL,2,2,0,2,0,0,0,426.18,426.18
REVO,2) 31 a 60 dias,telecom,FIJO,10043,11956,84,11872,545,545,0,91291958.71,91291958.71
REVO,2) 31 a 60 dias,telefonica,FIJO,13435,15663,95,15568,490,490,0,106739747.96,106739747.96
REVO,3) 61 a 90 dias,claro,FIJO,198,202,19,183,6,4,2,4335158.87,4335158.87
REVO,3) 61 a 90 dias,claro,MOVIL,46108,59993,2178,57815,1796,388,1408,628866899.60,628866899.60
REVO,3) 61 a 90 dias,movistar,MOVIL,40721,58214,3750,54464,1823,553,1270,484179891.76,484179891.76
REVO,3) 61 a 90 dias,personal,MOVIL,48934,70374,5206,65168,8800,647,8153,716768399.26,716768399.26
REVO,3) 61 a 90 dias,Sin proveedor,FIJO,4290,4573,261,4312,152,32,120,39245386.70,39245386.70
REVO,3) 61 a 90 dias,Sin proveedor,MOVIL,44,45,2,43,0,0,0,324208.22,324208.22
REVO,3) 61 a 90 dias,telecentro,FIJO,600,610,36,574,14,10,4,6814612.96,6814612.96
REVO,3) 61 a 90 dias,telecom,FIJO,12877,14879,355,14524,701,115,586,117564253.62,117564253.62
REVO,3) 61 a 90 dias,telefonica,FIJO,19502,22375,552,21823,449,123,326,135427720.19,135427720.19
REVO,4) 91 a 180 dias,claro,FIJO,212,220,23,197,8,7,1,4378031.62,4378031.62
REVO,4) 91 a 180 dias,claro,MOVIL,38063,50601,2056,48545,3317,597,2720,685396107.41,685396107.41
REVO,4) 91 a 180 dias,movistar,MOVIL,32964,47686,3885,43801,3159,682,2477,521344182.38,521344182.38
REVO,4) 91 a 180 dias,personal,MOVIL,41289,61550,5729,55821,16416,846,15570,764471062.48,764471062.48
REVO,4) 91 a 180 dias,Sin proveedor,FIJO,3086,3269,224,3045,146,33,113,37815199.15,37815199.15
REVO,4) 91 a 180 dias,Sin proveedor,MOVIL,37,37,0,37,1,1,0,1476025.37,1476025.37
REVO,4) 91 a 180 dias,telecentro,FIJO,553,566,50,516,17,4,13,6520414.88,6520414.88
REVO,4) 91 a 180 dias,telecom,FIJO,9688,11245,347,10898,1589,125,1464,118861147.42,118861147.42
REVO,4) 91 a 180 dias,telefonica,FIJO,14115,16288,520,15768,627,146,481,143369567.90,143369567.90
