entidad,tramo_gestion,proveedor,tipo,casos_activos_con_telefono,telefonos_total,telefonos_contactados_ivr,telefonos_sin_contacto_ivr,sms_total,sms_cortos,sms_largos,importe_asignado,importe_base_deuda
ADT1,1) 0 a 30 dias,claro,MOVIL,127,181,43,138,408,117,291,50311443.31,50311443.31
ADT1,1) 0 a 30 dias,movistar,MOVIL,122,178,53,125,221,117,104,51000625.33,51000625.33
ADT1,1) 0 a 30 dias,personal,MOVIL,106,161,51,110,411,95,316,44509276.77,44509276.77
ADT1,1) 0 a 30 dias,Sin proveedor,FIJO,5,5,1,4,18,4,14,1894769.62,1894769.62
ADT1,1) 0 a 30 dias,telecom,FIJO,27,35,0,35,107,26,81,11176767.07,11176767.07
ADT1,1) 0 a 30 dias,telefonica,FIJO,34,35,3,32,69,30,39,15162682.63,15162682.63
AUSO,1) 0 a 30 dias,claro,FIJO,16,16,0,16,4,0,4,61737.51,61737.51
AUSO,1) 0 a 30 dias,claro,MOVIL,1268,1434,526,908,1098,3,1095,10921728.20,10921728.20
AUSO,1) 0 a 30 dias,movistar,MOVIL,2176,2983,962,2021,491,14,477,16799805.77,16799805.77
AUSO,1) 0 a 30 dias,personal,MOVIL,1806,2375,786,1589,2212,25,2187,16386317.07,16386317.07
AUSO,1) 0 a 30 dias,Sin proveedor,FIJO,137,153,13,140,88,0,88,1780641.99,1780641.99
AUSO,1) 0 a 30 dias,Sin proveedor,MOVIL,6,6,0,6,3,0,3,15018.82,15018.82
AUSO,1) 0 a 30 dias,telecentro,FIJO,155,155,19,136,53,0,53,713863.58,713863.58
AUSO,1) 0 a 30 dias,telecentro,MOVIL,1,1,0,1,1,0,1,1398.18,1398.18
AUSO,1) 0 a 30 dias,telecom,FIJO,1113,1545,100,1445,780,11,769,18166099.51,18166099.51
AUSO,1) 0 a 30 dias,telefonica,FIJO,819,1464,98,1366,463,2,461,5568529.68,5568529.68
AUSO,2) 31 a 60 dias,claro,FIJO,20,20,5,15,4,0,4,176206.04,176206.04
AUSO,2) 31 a 60 dias,claro,MOVIL,1321,1498,585,913,311,104,207,10274608.52,10274608.52
AUSO,2) 31 a 60 dias,movistar,MOVIL,2179,2894,1017,1877,1125,140,985,17049415.57,17049415.57
AUSO,2) 31 a 60 dias,personal,MOVIL,1838,2335,864,1471,1512,163,1349,14797463.63,14797463.63
AUSO,2) 31 a 60 dias,Sin proveedor,FIJO,152,165,13,152,73,9,64,1452398.55,1452398.55
AUSO,2) 31 a 60 dias,Sin proveedor,MOVIL,4,4,0,4,0,0,0,6012.24,6012.24
AUSO,2) 31 a 60 dias,telecentro,FIJO,142,143,16,127,53,10,43,939911.57,939911.57
AUSO,2) 31 a 60 dias,telecentro,MOVIL,1,1,0,1,0,0,0,838.93,838.93
AUSO,2) 31 a 60 dias,telecom,FIJO,957,1270,79,1191,655,84,571,9176268.20,9176268.20
AUSO,2) 31 a 60 dias,telefonica,FIJO,855,1288,106,1182,290,33,257,4513309.22,4513309.22
AUSO,3) 61 a 90 dias,claro,FIJO,19,19,7,12,3,0,3,68470.12,68470.12
AUSO,3) 61 a 90 dias,claro,MOVIL,1074,1214,617,597,421,266,155,11694301.30,11694301.30
AUSO,3) 61 a 90 dias,movistar,MOVIL,1743,2209,989,1220,1270,488,782,19049404.48,19049404.48
AUSO,3) 61 a 90 dias,personal,MOVIL,1456,1873,852,1021,1704,448,1256,22896382.34,22896382.34
AUSO,3) 61 a 90 dias,Sin proveedor,FIJO,128,138,29,109,138,63,75,2244980.92,2244980.92
AUSO,3) 61 a 90 dias,Sin proveedor,MOVIL,1,1,0,1,1,0,1,1538.02,1538.02
AUSO,3) 61 a 90 dias,telecentro,FIJO,121,122,22,100,30,8,22,698562.76,698562.76
AUSO,3) 61 a 90 dias,telecom,FIJO,844,1153,108,1045,718,254,464,9545327.86,9545327.86
AUSO,3) 61 a 90 dias,telefonica,FIJO,646,773,106,667,329,108,221,5318398.63,5318398.63
AUSO,4) 91 a 180 dias,claro,FIJO,29,30,7,23,11,5,6,219698.69,219698.69
AUSO,4) 91 a 180 dias,claro,MOVIL,2327,2590,973,1617,876,608,268,24643011.72,24643011.72
AUSO,4) 91 a 180 dias,movistar,MOVIL,3879,5229,2397,2832,2704,1195,1509,34913207.26,34913207.26
AUSO,4) 91 a 180 dias,personal,MOVIL,3375,4351,1919,2432,3251,1308,1943,33457270.52,33457270.52
AUSO,4) 91 a 180 dias,Sin proveedor,FIJO,304,344,44,300,189,84,105,3606506.33,3606506.33
AUSO,4) 91 a 180 dias,Sin proveedor,MOVIL,8,8,0,8,0,0,0,87352.13,87352.13
AUSO,4) 91 a 180 dias,telecentro,FIJO,298,304,57,247,84,29,55,2065815.97,2065815.97
AUSO,4) 91 a 180 dias,telecentro,MOVIL,2,2,0,2,12,7,5,11709.94,11709.94
AUSO,4) 91 a 180 dias,telecom,FIJO,1914,2618,245,2373,1405,653,752,21128345.49,21128345.49
AUSO,4) 91 a 180 dias,telefonica,FIJO,1667,2554,234,2320,637,247,390,9748574.24,9748574.24
AUSO,5) 181 a 360 dias,claro,FIJO,66,67,14,53,40,30,10,496799.97,496799.97
AUSO,5) 181 a 360 dias,claro,MOVIL,3638,4129,1437,2692,2574,2088,486,39574463.07,39574463.07
AUSO,5) 181 a 360 dias,movistar,MOVIL,6729,8920,4212,4708,6380,3803,2577,56342604.52,56342604.52
AUSO,5) 181 a 360 dias,personal,MOVIL,5392,7300,3318,3982,6165,3616,2549,49366007.63,49366007.63
AUSO,5) 181 a 360 dias,Sin proveedor,FIJO,467,512,28,484,331,200,131,4634775.83,4634775.83
AUSO,5) 181 a 360 dias,Sin proveedor,MOVIL,14,14,0,14,5,4,1,73729.91,73729.91
AUSO,5) 181 a 360 dias,telecentro,FIJO,544,550,108,442,189,100,89,3847031.83,3847031.83
AUSO,5) 181 a 360 dias,telecentro,MOVIL,2,2,0,2,1,1,0,15939.45,15939.45
AUSO,5) 181 a 360 dias,telecom,FIJO,3311,4611,508,4103,3202,1951,1251,34661118.10,34661118.10
AUSO,5) 181 a 360 dias,telefonica,FIJO,2894,4257,488,3769,1472,835,637,22656684.00,22656684.00
AUSO,6) Mayor a 360 dias,claro,FIJO,207,207,70,137,72,41,31,635546.46,635546.46
AUSO,6) Mayor a 360 dias,claro,MOVIL,9575,11308,5383,5925,8185,7045,1140,43153926.40,43153926.40
AUSO,6) Mayor a 360 dias,movistar,MOVIL,17058,22792,10721,12071,14646,11126,3520,69083668.68,69083668.68
AUSO,6) Mayor a 360 dias,personal,MOVIL,13597,17967,7821,10146,17443,10123,7320,59191190.71,59191190.71
AUSO,6) Mayor a 360 dias,Sin proveedor,FIJO,1483,1653,169,1484,1398,996,402,6847512.12,6847512.12
AUSO,6) Mayor a 360 dias,Sin proveedor,MOVIL,32,32,0,32,22,17,5,136315.81,136315.81
AUSO,6) Mayor a 360 dias,telecentro,FIJO,1653,1664,378,1286,608,397,211,4769438.54,4769438.54
AUSO,6) Mayor a 360 dias,telecentro,MOVIL,7,7,0,7,2,0,2,51425.91,51425.91
AUSO,6) Mayor a 360 dias,telecom,FIJO,9418,13192,1793,11399,8368,5787,2581,40145255.19,40145255.19
AUSO,6) Mayor a 360 dias,telefonica,FIJO,8370,12489,1809,10680,4268,2709,1559,23498254.56,23498254.56
AYS3,2) 31 a 60 dias,claro,FIJO,8,8,1,7,9,9,0,16094475.14,3216389.14
AYS3,2) 31 a 60 dias,claro,MOVIL,675,731,333,398,3070,3070,0,1162655340.96,196170356.42
AYS3,2) 31 a 60 dias,movistar,MOVIL,1054,1208,309,899,4260,4258,2,2368001674.42,330925276.64
AYS3,2) 31 a 60 dias,personal,MOVIL,769,837,239,598,3168,3166,2,1582916295.04,237841016.22
AYS3,2) 31 a 60 dias,Sin proveedor,FIJO,229,254,9,245,334,334,0,347267779.12,52417301.00
AYS3,2) 31 a 60 dias,Sin proveedor,MOVIL,9,9,0,9,53,53,0,61004383.99,4278283.46
AYS3,2) 31 a 60 dias,telecentro,FIJO,139,140,31,109,212,212,0,239735511.19,45972684.24
AYS3,2) 31 a 60 dias,telecom,FIJO,893,1069,106,963,845,845,0,2065646106.37,252696052.21
AYS3,2) 31 a 60 dias,telefonica,FIJO,3113,4300,297,4003,4135,4133,2,7028827231.77,1043646196.27
AYS3,3) 61 a 90 dias,claro,FIJO,8,8,3,5,9,9,0,16498274.00,3329026.78
AYS3,3) 61 a 90 dias,claro,MOVIL,540,610,280,330,930,868,62,885942990.11,166368039.63
AYS3,3) 61 a 90 dias,movistar,MOVIL,1002,1254,465,789,1507,1380,127,2223108011.03,309967870.16
AYS3,3) 61 a 90 dias,personal,MOVIL,698,864,320,544,1083,1001,82,1714175797.52,212714307.63
AYS3,3) 61 a 90 dias,Sin proveedor,FIJO,115,132,6,126,122,113,9,248426334.45,34854206.75
AYS3,3) 61 a 90 dias,Sin proveedor,MOVIL,8,8,0,8,4,4,0,6944650.31,1672603.66
AYS3,3) 61 a 90 dias,telecentro,FIJO,164,164,30,134,80,75,5,211700264.72,44676610.45
AYS3,3) 61 a 90 dias,telecom,FIJO,985,1262,109,1153,487,436,51,2182735026.20,231747934.49
AYS3,3) 61 a 90 dias,telefonica,FIJO,2138,3016,236,2780,1243,1161,82,5017029948.55,689522320.85
AYSA,1) 0 a 30 dias,claro,FIJO,40,40,17,23,17,10,7,15489595.71,6717447.16
AYSA,1) 0 a 30 dias,claro,MOVIL,1919,2067,987,1080,1141,760,381,921489023.89,426925148.03
AYSA,1) 0 a 30 dias,movistar,MOVIL,3795,4221,1701,2520,3551,3187,364,1897369259.53,868428240.20
AYSA,1) 0 a 30 dias,personal,MOVIL,2476,2652,1156,1496,3443,1072,2371,1186225115.57,542957499.78
AYSA,1) 0 a 30 dias,Sin proveedor,FIJO,278,309,44,265,146,83,63,114567929.59,50430801.68
AYSA,1) 0 a 30 dias,Sin proveedor,MOVIL,19,20,0,20,19,13,6,12417937.39,4936674.79
AYSA,1) 0 a 30 dias,telecentro,FIJO,466,473,80,393,204,137,67,198646792.52,92556629.79
AYSA,1) 0 a 30 dias,telecentro,MOVIL,2,2,0,2,2,0,2,6854617.88,2181962.69
AYSA,1) 0 a 30 dias,telecom,FIJO,2794,3557,340,3217,839,506,333,1154974688.29,590597192.77
AYSA,1) 0 a 30 dias,telefonica,FIJO,7277,9991,946,9045,2396,1486,910,3191197831.81,1400010789.43
AYSA,3) 61 a 90 dias,claro,FIJO,36,36,14,22,51,33,18,12423876.77,7036661.52
AYSA,3) 61 a 90 dias,claro,MOVIL,1476,1575,921,654,6172,4240,1932,774830343.78,399120923.55
AYSA,3) 61 a 90 dias,movistar,MOVIL,2806,3087,1257,1830,11228,7584,3644,1520534654.24,775329830.26
AYSA,3) 61 a 90 dias,personal,MOVIL,1817,1964,938,1026,9381,5122,4259,1096692294.99,551433473.01
AYSA,3) 61 a 90 dias,Sin proveedor,FIJO,165,176,11,165,433,249,184,117747419.26,58851570.79
AYSA,3) 61 a 90 dias,Sin proveedor,MOVIL,12,12,0,12,62,27,35,3402807.83,1327067.05
AYSA,3) 61 a 90 dias,telecentro,FIJO,415,422,128,294,859,556,303,182941659.85,95725981.34
AYSA,3) 61 a 90 dias,telecentro,MOVIL,1,1,0,1,1,0,1,172734.47,122469.24
AYSA,3) 61 a 90 dias,telecom,FIJO,2276,2899,314,2585,2770,1646,1124,1085728679.29,561437072.43
AYSA,3) 61 a 90 dias,telefonica,FIJO,5863,7870,845,7025,8095,4980,3115,2718559719.38,1190412217.19
AYSC,2) 31 a 60 dias,claro,FIJO,1,1,1,0,0,0,0,2784366.79,2784366.79
AYSC,2) 31 a 60 dias,claro,MOVIL,160,182,85,97,379,378,1,80011636.64,80011636.64
AYSC,2) 31 a 60 dias,movistar,MOVIL,376,482,257,225,959,958,1,176995484.92,176995484.92
AYSC,2) 31 a 60 dias,personal,MOVIL,249,341,155,186,663,663,0,143531909.76,143531909.76
AYSC,2) 31 a 60 dias,Sin proveedor,FIJO,19,22,1,21,42,42,0,9226052.41,9226052.41
AYSC,2) 31 a 60 dias,Sin proveedor,MOVIL,1,1,0,1,2,2,0,102152.41,102152.41
AYSC,2) 31 a 60 dias,telecentro,FIJO,40,40,8,32,67,67,0,22436235.90,22436235.90
AYSC,2) 31 a 60 dias,telecom,FIJO,241,382,41,341,305,305,0,142539756.94,142539756.94
AYSC,2) 31 a 60 dias,telefonica,FIJO,416,639,82,557,660,660,0,188316380.21,188316380.21
AYSE,1) 0 a 30 dias,claro,FIJO,32,32,10,22,26,14,12,1491805.95,1261378.82
AYSE,1) 0 a 30 dias,claro,MOVIL,1109,1167,380,787,1785,1275,510,142709432.38,95174835.38
AYSE,1) 0 a 30 dias,movistar,MOVIL,2407,2658,856,1802,3054,2642,412,273964509.70,209009936.94
AYSE,1) 0 a 30 dias,personal,MOVIL,1511,1598,512,1086,3644,1279,2365,167540104.38,128725809.86
AYSE,1) 0 a 30 dias,Sin proveedor,FIJO,110,115,8,107,113,66,47,12085441.92,9658741.59
AYSE,1) 0 a 30 dias,Sin proveedor,MOVIL,10,10,0,10,4,3,1,918758.95,769119.95
AYSE,1) 0 a 30 dias,telecentro,FIJO,247,252,33,219,216,122,94,15489180.13,12670705.39
AYSE,1) 0 a 30 dias,telecom,FIJO,1765,2207,160,2047,952,600,352,203618251.49,133281708.36
AYSE,1) 0 a 30 dias,telefonica,FIJO,3794,5094,400,4694,2405,1431,974,389172855.04,266763131.12
AYSE,2) 31 a 60 dias,claro,FIJO,13,13,5,8,22,14,8,607684.05,533274.19
AYSE,2) 31 a 60 dias,claro,MOVIL,372,390,188,202,1958,1351,607,46756973.41,36799270.72
AYSE,2) 31 a 60 dias,movistar,MOVIL,761,837,361,476,3434,2618,816,84282897.95,69010903.61
AYSE,2) 31 a 60 dias,personal,MOVIL,511,546,235,311,3627,1865,1762,42901330.61,36050461.63
AYSE,2) 31 a 60 dias,Sin proveedor,FIJO,43,43,2,41,182,110,72,4343883.09,3787333.46
AYSE,2) 31 a 60 dias,Sin proveedor,MOVIL,3,3,0,3,12,6,6,105152.97,90649.52
AYSE,2) 31 a 60 dias,telecentro,FIJO,96,96,16,80,249,163,86,5275538.73,4462194.13
AYSE,2) 31 a 60 dias,telecom,FIJO,624,764,66,698,1042,677,365,71730941.56,58063260.96
AYSE,2) 31 a 60 dias,telefonica,FIJO,1291,1698,166,1532,2399,1497,902,70878909.46,58910390.33
AYSJ,1) 0 a 30 dias,claro,FIJO,1,1,0,1,0,0,0,0.00,0.00
AYSJ,1) 0 a 30 dias,claro,MOVIL,14,14,0,14,0,0,0,0.00,0.00
AYSJ,1) 0 a 30 dias,movistar,MOVIL,24,25,0,25,0,0,0,0.00,0.00
AYSJ,1) 0 a 30 dias,personal,MOVIL,21,22,0,22,0,0,0,0.00,0.00
AYSJ,1) 0 a 30 dias,Sin proveedor,FIJO,4,4,0,4,0,0,0,0.00,0.00
AYSJ,1) 0 a 30 dias,telecentro,FIJO,6,6,0,6,0,0,0,0.00,0.00
AYSJ,1) 0 a 30 dias,telecom,FIJO,27,31,0,31,0,0,0,0.00,0.00
AYSJ,1) 0 a 30 dias,telefonica,FIJO,36,37,0,37,0,0,0,0.00,0.00
AYSJ,6) Mayor a 360 dias,claro,FIJO,4,4,3,1,0,0,0,0.00,0.00
AYSJ,6) Mayor a 360 dias,claro,MOVIL,169,183,106,77,0,0,0,0.00,0.00
AYSJ,6) Mayor a 360 dias,movistar,MOVIL,282,296,166,130,0,0,0,0.00,0.00
AYSJ,6) Mayor a 360 dias,personal,MOVIL,281,291,130,161,0,0,0,0.00,0.00
AYSJ,6) Mayor a 360 dias,Sin proveedor,FIJO,31,32,6,26,0,0,0,0.00,0.00
AYSJ,6) Mayor a 360 dias,telecentro,FIJO,49,50,13,37,0,0,0,0.00,0.00
AYSJ,6) Mayor a 360 dias,telecom,FIJO,479,567,98,469,0,0,0,0.00,0.00
AYSJ,6) Mayor a 360 dias,telefonica,FIJO,762,880,118,762,0,0,0,0.00,0.00
CVBA,1) 0 a 30 dias,claro,FIJO,1,1,0,1,0,0,0,404222.28,404222.28
CVBA,1) 0 a 30 dias,claro,MOVIL,290,350,0,350,0,0,0,431326576.07,431326576.07
CVBA,1) 0 a 30 dias,movistar,MOVIL,207,286,0,286,0,0,0,268947169.34,268947169.34
CVBA,1) 0 a 30 dias,personal,MOVIL,322,424,0,424,0,0,0,371175580.93,371175580.93
CVBA,1) 0 a 30 dias,Sin proveedor,FIJO,43,71,0,71,0,0,0,66034759.29,66034759.29
CVBA,1) 0 a 30 dias,Sin proveedor,MOVIL,2,2,0,2,0,0,0,1922027.65,1922027.65
CVBA,1) 0 a 30 dias,telecentro,FIJO,3,3,0,3,0,0,0,4825856.98,4825856.98
CVBA,1) 0 a 30 dias,telecom,FIJO,163,274,0,274,0,0,0,203030625.67,203030625.67
CVBA,1) 0 a 30 dias,telefonica,FIJO,99,203,0,203,0,0,0,201711500.69,201711500.69
CVIA,2) 31 a 60 dias,claro,MOVIL,7,7,5,2,8,8,0,45502.33,45502.33
CVIA,2) 31 a 60 dias,movistar,MOVIL,12,14,10,4,18,18,0,122430.06,122430.06
CVIA,2) 31 a 60 dias,personal,MOVIL,15,25,11,14,25,25,0,161666.09,161666.09
CVIA,2) 31 a 60 dias,telecentro,FIJO,4,4,0,4,2,2,0,33059.75,33059.75
CVIA,2) 31 a 60 dias,telecom,FIJO,4,4,1,3,3,3,0,39787.74,39787.74
CVIA,2) 31 a 60 dias,telefonica,FIJO,6,7,1,6,4,4,0,48727.70,48727.70
DRTV,1) 0 a 30 dias,claro,FIJO,11,11,5,6,0,0,0,1035283.18,1035283.18
DRTV,1) 0 a 30 dias,claro,MOVIL,1898,2523,702,1821,13,11,2,191128678.41,191128678.41
DRTV,1) 0 a 30 dias,movistar,MOVIL,1151,1586,304,1282,4,4,0,115092791.96,115092791.96
DRTV,1) 0 a 30 dias,personal,MOVIL,2468,3772,678,3094,28,13,15,239917879.91,239917879.91
DRTV,1) 0 a 30 dias,Sin proveedor,FIJO,95,108,18,90,3,3,0,10139302.47,10139302.47
DRTV,1) 0 a 30 dias,Sin proveedor,MOVIL,3,3,0,3,0,0,0,182662.29,182662.29
DRTV,1) 0 a 30 dias,telecentro,FIJO,18,19,2,17,0,0,0,2319449.51,2319449.51
DRTV,1) 0 a 30 dias,telecom,FIJO,298,347,27,320,0,0,0,33381197.21,33381197.21
DRTV,1) 0 a 30 dias,telefonica,FIJO,291,327,30,297,4,4,0,29468047.13,29468047.13
DRTV,2) 31 a 60 dias,claro,FIJO,5,5,0,5,0,0,0,606879.02,606879.02
DRTV,2) 31 a 60 dias,claro,MOVIL,1516,1891,831,1060,789,789,0,147909676.09,147909676.09
DRTV,2) 31 a 60 dias,movistar,MOVIL,839,1046,288,758,419,419,0,84965938.18,84965938.18
DRTV,2) 31 a 60 dias,personal,MOVIL,1770,2297,636,1661,698,698,0,161758427.70,161758427.70
DRTV,2) 31 a 60 dias,Sin proveedor,FIJO,52,57,14,43,24,24,0,5651205.93,5651205.93
DRTV,2) 31 a 60 dias,telecentro,FIJO,6,6,4,2,0,0,0,431272.19,431272.19
DRTV,2) 31 a 60 dias,telecom,FIJO,95,99,16,83,25,25,0,11913032.95,11913032.95
DRTV,2) 31 a 60 dias,telefonica,FIJO,111,119,14,105,49,49,0,11636442.61,11636442.61
DRTV,3) 61 a 90 dias,claro,FIJO,11,11,2,9,12,12,0,1128446.37,1128446.37
DRTV,3) 61 a 90 dias,claro,MOVIL,1868,2447,1190,1257,7031,6945,86,178193103.99,178193103.99
DRTV,3) 61 a 90 dias,movistar,MOVIL,1012,1323,448,875,3301,3269,32,102588005.05,102588005.05
DRTV,3) 61 a 90 dias,personal,MOVIL,2007,2627,789,1838,6448,5659,789,185857319.42,185857319.42
DRTV,3) 61 a 90 dias,Sin proveedor,FIJO,66,71,12,59,137,137,0,6548870.88,6548870.88
DRTV,3) 61 a 90 dias,telecentro,FIJO,19,21,4,17,12,12,0,1836492.04,1836492.04
DRTV,3) 61 a 90 dias,telecom,FIJO,157,165,23,142,388,375,13,17234109.76,17234109.76
DRTV,3) 61 a 90 dias,telefonica,FIJO,233,252,34,218,486,486,0,24439001.39,24439001.39
DRTV,4) 91 a 180 dias,claro,FIJO,8,9,4,5,18,18,0,559920.92,559920.92
DRTV,4) 91 a 180 dias,claro,MOVIL,1484,2067,1075,992,9854,8996,858,142676921.45,142676921.45
DRTV,4) 91 a 180 dias,movistar,MOVIL,914,1324,435,889,5501,5149,352,90281121.50,90281121.50
DRTV,4) 91 a 180 dias,personal,MOVIL,1823,2900,766,2134,12079,8726,3353,171533732.91,171533732.91
DRTV,4) 91 a 180 dias,Sin proveedor,FIJO,66,71,21,50,303,270,33,7699480.56,7699480.56
DRTV,4) 91 a 180 dias,telecentro,FIJO,12,12,4,8,16,16,0,875679.66,875679.66
DRTV,4) 91 a 180 dias,telecom,FIJO,196,231,23,208,1281,1109,172,20479743.05,20479743.05
DRTV,4) 91 a 180 dias,telefonica,FIJO,203,223,30,193,923,865,58,22149230.29,22149230.29
DRTW,1) 0 a 30 dias,claro,FIJO,11,11,2,9,0,0,0,1550351.13,1550351.13
DRTW,1) 0 a 30 dias,claro,MOVIL,1387,1966,577,1389,44,9,35,170781020.94,170781020.94
DRTW,1) 0 a 30 dias,movistar,MOVIL,839,1182,231,951,9,5,4,110744167.68,110744167.68
DRTW,1) 0 a 30 dias,personal,MOVIL,1803,2907,492,2415,40,4,36,212391267.81,212391267.81
DRTW,1) 0 a 30 dias,Sin proveedor,FIJO,70,76,12,64,0,0,0,10343506.65,10343506.65
DRTW,1) 0 a 30 dias,Sin proveedor,MOVIL,1,1,0,1,0,0,0,85245.53,85245.53
DRTW,1) 0 a 30 dias,telecentro,FIJO,8,8,1,7,0,0,0,1203802.92,1203802.92
DRTW,1) 0 a 30 dias,telecentro,MOVIL,1,1,0,1,0,0,0,198680.77,198680.77
DRTW,1) 0 a 30 dias,telecom,FIJO,297,345,25,320,6,2,4,44438582.95,44438582.95
DRTW,1) 0 a 30 dias,telefonica,FIJO,261,289,24,265,2,0,2,36829091.08,36829091.08
DRTW,2) 31 a 60 dias,claro,FIJO,16,16,5,11,26,12,14,1792118.85,1792118.85
DRTW,2) 31 a 60 dias,claro,MOVIL,1577,2254,982,1272,1182,608,574,195817464.30,195817464.30
DRTW,2) 31 a 60 dias,movistar,MOVIL,1034,1497,449,1048,671,422,249,132606688.99,132606688.99
DRTW,2) 31 a 60 dias,personal,MOVIL,1930,3327,907,2420,2168,732,1436,221823938.37,221823938.37
DRTW,2) 31 a 60 dias,Sin proveedor,FIJO,97,103,14,89,54,40,14,13154198.80,13154198.80
DRTW,2) 31 a 60 dias,Sin proveedor,MOVIL,7,7,0,7,0,0,0,720696.11,720696.11
DRTW,2) 31 a 60 dias,telecentro,FIJO,14,14,4,10,0,0,0,2642942.78,2642942.78
DRTW,2) 31 a 60 dias,telecom,FIJO,274,347,19,328,308,120,188,39002860.36,39002860.36
DRTW,2) 31 a 60 dias,telefonica,FIJO,317,362,38,324,166,122,44,45411190.50,45411190.50
DRTW,3) 61 a 90 dias,claro,FIJO,10,10,2,8,16,15,1,1047689.53,1047689.53
DRTW,3) 61 a 90 dias,claro,MOVIL,2466,3488,1633,1855,8991,7536,1455,242423366.02,242423366.02
DRTW,3) 61 a 90 dias,movistar,MOVIL,1507,2129,614,1515,4564,3769,795,152667302.06,152667302.06
DRTW,3) 61 a 90 dias,personal,MOVIL,3105,5032,1398,3634,10253,7518,2735,295801119.27,295801119.27
DRTW,3) 61 a 90 dias,Sin proveedor,FIJO,104,111,23,88,290,237,53,13772887.83,13772887.83
DRTW,3) 61 a 90 dias,Sin proveedor,MOVIL,3,3,0,3,6,6,0,322808.74,322808.74
DRTW,3) 61 a 90 dias,telecentro,FIJO,11,11,5,6,23,4,19,1080896.92,1080896.92
DRTW,3) 61 a 90 dias,telecom,FIJO,310,346,31,315,964,732,232,35542955.17,35542955.17
DRTW,3) 61 a 90 dias,telefonica,FIJO,302,342,32,310,746,649,97,35502665.96,35502665.96
DRTW,4) 91 a 180 dias,claro,FIJO,5,5,1,4,16,16,0,523222.57,523222.57
DRTW,4) 91 a 180 dias,claro,MOVIL,1648,2405,1268,1137,10856,9559,1297,172258608.47,172258608.47
DRTW,4) 91 a 180 dias,movistar,MOVIL,982,1394,502,892,6061,5265,796,106971125.24,106971125.24
DRTW,4) 91 a 180 dias,personal,MOVIL,2080,3348,1028,2320,12713,10031,2682,212772886.85,212772886.85
DRTW,4) 91 a 180 dias,Sin proveedor,FIJO,76,84,17,67,388,354,34,9670214.79,9670214.79
DRTW,4) 91 a 180 dias,Sin proveedor,MOVIL,3,3,0,3,10,8,2,245471.02,245471.02
DRTW,4) 91 a 180 dias,telecentro,FIJO,11,11,1,10,39,38,1,1236724.82,1236724.82
DRTW,4) 91 a 180 dias,telecom,FIJO,250,285,36,249,1521,1300,221,27751797.83,27751797.83
DRTW,4) 91 a 180 dias,telefonica,FIJO,242,273,31,242,1152,1029,123,28414695.22,28414695.22
MEL0,1) 0 a 30 dias,claro,FIJO,29,29,2,27,1,0,1,2255949.15,2255949.15
MEL0,1) 0 a 30 dias,claro,MOVIL,38082,48317,9448,38869,1267,37,1230,2841236580.11,2841236580.11
MEL0,1) 0 a 30 dias,movistar,MOVIL,30571,41356,7023,34333,674,21,653,2280738925.77,2280738925.77
MEL0,1) 0 a 30 dias,personal,MOVIL,48502,69158,10742,58416,5685,35,5650,3654086080.81,3654086080.81
MEL0,1) 0 a 30 dias,Sin proveedor,FIJO,395,407,33,374,21,0,21,27939622.30,27939622.30
MEL0,1) 0 a 30 dias,Sin proveedor,MOVIL,13,13,0,13,0,0,0,873420.83,873420.83
MEL0,1) 0 a 30 dias,telecentro,FIJO,70,71,7,64,4,0,4,4683684.67,4683684.67
MEL0,1) 0 a 30 dias,telecentro,MOVIL,4,4,0,4,0,0,0,241096.74,241096.74
MEL0,1) 0 a 30 dias,telecom,FIJO,1865,2124,135,1989,160,2,158,137979306.10,137979306.10
MEL0,1) 0 a 30 dias,telefonica,FIJO,1063,1157,87,1070,55,1,54,79222608.75,79222608.75
OEST,1) 0 a 30 dias,claro,FIJO,45,45,10,35,16,0,16,436231.18,436231.18
OEST,1) 0 a 30 dias,claro,MOVIL,2141,2401,698,1703,1224,20,1204,24246555.92,24246555.92
OEST,1) 0 a 30 dias,movistar,MOVIL,3781,4752,1415,3337,811,28,783,35265405.90,35265405.90
OEST,1) 0 a 30 dias,personal,MOVIL,2906,3768,929,2839,3416,45,3371,34048993.85,34048993.85
OEST,1) 0 a 30 dias,Sin proveedor,FIJO,229,238,0,238,101,4,97,2302108.53,2302108.53
OEST,1) 0 a 30 dias,Sin proveedor,MOVIL,8,8,0,8,2,0,2,30250.23,30250.23
OEST,1) 0 a 30 dias,telecentro,FIJO,304,306,34,272,107,2,105,2303055.08,2303055.08
OEST,1) 0 a 30 dias,telecom,FIJO,1379,1787,105,1682,887,14,873,13179317.16,13179317.16
OEST,1) 0 a 30 dias,telefonica,FIJO,1764,2177,212,1965,812,22,790,20922092.88,20922092.88
OEST,3) 61 a 90 dias,claro,FIJO,20,20,6,14,4,1,3,90956.33,90956.33
OEST,3) 61 a 90 dias,claro,MOVIL,750,851,407,444,246,112,134,7463117.54,7463117.54
OEST,3) 61 a 90 dias,movistar,MOVIL,1314,1723,691,1032,696,198,498,11049747.80,11049747.80
OEST,3) 61 a 90 dias,personal,MOVIL,1046,1380,578,802,1168,213,955,12018979.57,12018979.57
OEST,3) 61 a 90 dias,Sin proveedor,FIJO,74,78,6,72,53,15,38,618460.35,618460.35
OEST,3) 61 a 90 dias,Sin proveedor,MOVIL,1,1,0,1,1,0,1,1677.88,1677.88
OEST,3) 61 a 90 dias,telecentro,FIJO,119,119,21,98,41,10,31,888037.25,888037.25
OEST,3) 61 a 90 dias,telecom,FIJO,511,695,73,622,373,102,271,4407529.38,4407529.38
OEST,3) 61 a 90 dias,telefonica,FIJO,664,895,73,822,328,85,243,6728349.68,6728349.68
OEST,4) 91 a 180 dias,claro,FIJO,36,36,3,33,22,10,12,392855.16,392855.16
OEST,4) 91 a 180 dias,claro,MOVIL,2062,2375,589,1786,685,414,271,17854426.58,17854426.58
OEST,4) 91 a 180 dias,movistar,MOVIL,3625,5160,1946,3214,2222,998,1224,31263582.90,31263582.90
OEST,4) 91 a 180 dias,personal,MOVIL,2913,3902,1491,2411,2482,920,1562,30428891.42,30428891.42
OEST,4) 91 a 180 dias,Sin proveedor,FIJO,244,283,9,274,143,46,97,3484607.11,3484607.11
OEST,4) 91 a 180 dias,Sin proveedor,MOVIL,11,11,0,11,4,1,3,152852.11,152852.11
OEST,4) 91 a 180 dias,telecentro,FIJO,332,334,55,279,84,38,46,2279007.90,2279007.90
OEST,4) 91 a 180 dias,telecentro,MOVIL,1,1,0,1,4,2,2,9479.03,9479.03
OEST,4) 91 a 180 dias,telecom,FIJO,1518,2378,184,2194,795,339,456,10946075.81,10946075.81
OEST,4) 91 a 180 dias,telefonica,FIJO,1714,3312,254,3058,789,340,449,14230052.11,14230052.11
OEST,5) 181 a 360 dias,claro,FIJO,86,88,13,75,44,32,12,705571.24,705571.24
OEST,5) 181 a 360 dias,claro,MOVIL,3428,3876,1310,2566,2973,2572,401,45940245.28,45940245.28
OEST,5) 181 a 360 dias,movistar,MOVIL,6487,8709,3935,4774,6841,4407,2434,58625013.06,58625013.06
OEST,5) 181 a 360 dias,personal,MOVIL,5017,6647,3025,3622,6177,3848,2329,47667118.73,47667118.73
OEST,5) 181 a 360 dias,Sin proveedor,FIJO,437,490,30,460,352,226,126,3723104.67,3723104.67
OEST,5) 181 a 360 dias,Sin proveedor,MOVIL,10,10,0,10,14,11,3,125867.78,125867.78
OEST,5) 181 a 360 dias,telecentro,FIJO,612,619,112,507,258,155,103,4756757.73,4756757.73
OEST,5) 181 a 360 dias,telecentro,MOVIL,4,4,0,4,4,3,1,21969.11,21969.11
OEST,5) 181 a 360 dias,telecom,FIJO,2675,3743,380,3363,2211,1439,772,21562837.58,21562837.58
OEST,5) 181 a 360 dias,telefonica,FIJO,3250,4928,514,4414,2375,1581,794,30078988.20,30078988.20
OEST,6) Mayor a 360 dias,claro,FIJO,277,277,92,185,80,46,34,783364.71,783364.71
OEST,6) Mayor a 360 dias,claro,MOVIL,8558,10192,4788,5404,7840,6798,1042,38519980.84,38519980.84
OEST,6) Mayor a 360 dias,movistar,MOVIL,15425,21342,9703,11639,15113,11016,4097,62704980.55,62704980.55
OEST,6) Mayor a 360 dias,personal,MOVIL,11947,16075,7248,8827,17334,9670,7664,50104730.37,50104730.37
OEST,6) Mayor a 360 dias,Sin proveedor,FIJO,1114,1308,139,1169,958,587,371,3851260.30,3851260.30
OEST,6) Mayor a 360 dias,Sin proveedor,MOVIL,23,23,0,23,26,20,6,140147.18,140147.18
OEST,6) Mayor a 360 dias,telecentro,FIJO,1803,1814,425,1389,790,505,285,5153529.24,5153529.24
OEST,6) Mayor a 360 dias,telecentro,MOVIL,3,3,0,3,4,4,0,5037.00,5037.00
OEST,6) Mayor a 360 dias,telecom,FIJO,6308,9117,1226,7891,5970,3612,2358,20684159.68,20684159.68
OEST,6) Mayor a 360 dias,telefonica,FIJO,9070,14706,1972,12734,6225,3882,2343,33041851.82,33041851.82
REVO,1) 0 a 30 dias,claro,FIJO,380,386,10,376,3,0,3,6690994.97,6690994.97
REVO,1) 0 a 30 dias,claro,MOVIL,77360,101502,612,100890,148,11,137,954536722.32,954536722.32
REVO,1) 0 a 30 dias,movistar,MOVIL,63263,83888,4663,79225,108,6,102,698514542.18,698514542.18
REVO,1) 0 a 30 dias,personal,MOVIL,88984,134916,4870,130046,854,4,850,1105801932.32,1105801932.32
REVO,1) 0 a 30 dias,Sin proveedor,FIJO,7302,7780,112,7668,16,0,16,56729101.92,56729101.92
REVO,1) 0 a 30 dias,Sin proveedor,MOVIL,57,57,0,57,0,0,0,667072.86,667072.86
REVO,1) 0 a 30 dias,telecentro,FIJO,1189,1198,24,1174,3,0,3,10986983.79,10986983.79
REVO,1) 0 a 30 dias,telecentro,MOVIL,2,2,0,2,0,0,0,1036.52,1036.52
REVO,1) 0 a 30 dias,telecom,FIJO,24697,28864,159,28705,124,0,124,182555504.80,182555504.80
REVO,1) 0 a 30 dias,telefonica,FIJO,33026,37152,176,36976,53,2,51,189956791.03,189956791.03
REVO,2) 31 a 60 dias,claro,FIJO,216,220,20,200,8,1,7,5349041.71,5349041.71
REVO,2) 31 a 60 dias,claro,MOVIL,32689,42734,2214,40520,237,25,212,571872125.42,571872125.42
REVO,2) 31 a 60 dias,movistar,MOVIL,26868,35282,3191,32091,196,19,177,394934331.88,394934331.88
REVO,2) 31 a 60 dias,personal,MOVIL,36746,53765,4079,49686,1573,25,1548,651074223.13,651074223.13
REVO,2) 31 a 60 dias,Sin proveedor,FIJO,3960,4231,204,4027,50,1,49,36433909.12,36433909.12
REVO,2) 31 a 60 dias,Sin proveedor,MOVIL,24,24,0,24,0,0,0,202715.10,202715.10
REVO,2) 31 a 60 dias,telecentro,FIJO,487,492,44,448,3,0,3,6889658.57,6889658.57
REVO,2) 31 a 60 dias,telecentro,MOVIL,2,2,0,2,0,0,0,1701.17,1701.17
REVO,2) 31 a 60 dias,telecom,FIJO,13957,16512,358,16154,229,5,224,109006951.97,109006951.97
REVO,2) 31 a 60 dias,telefonica,FIJO,17270,19622,371,19251,82,4,78,106801913.45,106801913.45
REVO,3) 61 a 90 dias,claro,FIJO,126,130,22,108,10,8,2,3169563.44,3169563.44
REVO,3) 61 a 90 dias,claro,MOVIL,36653,44587,2935,41652,2550,2161,389,419613958.95,419613958.95
REVO,3) 61 a 90 dias,movistar,MOVIL,22611,27088,2443,24645,1426,1192,234,255676519.88,255676519.88
REVO,3) 61 a 90 dias,personal,MOVIL,33215,40798,2784,38014,2679,1964,715,418808746.82,418808746.82
REVO,3) 61 a 90 dias,Sin proveedor,FIJO,3240,3367,191,3176,86,79,7,20966899.62,20966899.62
REVO,3) 61 a 90 dias,Sin proveedor,MOVIL,13,13,0,13,0,0,0,52540.23,52540.23
REVO,3) 61 a 90 dias,telecentro,FIJO,328,330,25,305,1,1,0,3974917.80,3974917.80
REVO,3) 61 a 90 dias,telecom,FIJO,8664,9050,175,8875,266,242,24,48929509.80,48929509.80
REVO,3) 61 a 90 dias,telefonica,FIJO,14689,15415,313,15102,197,187,10,67880098.61,67880098.61
REVO,4) 91 a 180 dias,claro,FIJO,206,211,38,173,10,3,7,4153384.73,4153384.73
REVO,4) 91 a 180 dias,claro,MOVIL,35095,46082,4857,41225,1001,371,630,488026778.46,488026778.46
REVO,4) 91 a 180 dias,movistar,MOVIL,27370,36107,5109,30998,455,207,248,355914806.35,355914806.35
REVO,4) 91 a 180 dias,personal,MOVIL,38480,56696,6100,50596,2395,388,2007,555880589.84,555880589.84
REVO,4) 91 a 180 dias,Sin proveedor,FIJO,2915,3113,262,2851,62,13,49,28618756.01,28618756.01
REVO,4) 91 a 180 dias,Sin proveedor,MOVIL,32,32,0,32,2,0,2,548280.76,548280.76
REVO,4) 91 a 180 dias,telecentro,FIJO,522,535,50,485,3,0,3,5653112.19,5653112.19
REVO,4) 91 a 180 dias,telecentro,MOVIL,2,2,0,2,2,0,2,12582.65,12582.65
REVO,4) 91 a 180 dias,telecom,FIJO,9546,11138,496,10642,359,54,305,94677301.10,94677301.10
REVO,4) 91 a 180 dias,telefonica,FIJO,12444,13917,530,13387,151,39,112,93637188.95,93637188.95
